SKU/Code,Name,Category,Barcode,Model,Cost Price (LKR),Wholesale Price (LKR),Dealer Price (LKR),Stock Quantity,Pack Size,Carton Units,Low Stock Level,Status
1510,15 inch LCD Monitor Used (1m Warranty),General,,,0.0,0.0,0.0,0,1,1,5,active
1575,Credit,General,,,0.0,0.0,0.0,0,1,1,5,inactive
1555,Fan (used),General,,,0.0,0.0,0.0,0,1,1,5,active
1590,HY-210 TV Mount Full Adjustment 10-32 Inch,General,,,1000.0,1200.0,1140.0,0,1,1,5,active
1520,High Speed 256GB SD Card Taiwan C10 (3m Warranty),General,,,4100.0,7500.0,7125.0,1,1,1,5,active
1566,Networking Cable Tester New (6m Warranty),General,,,0.0,0.0,0.0,0,1,1,5,active
1509,ViewSonic 19 inch C-Grade Monitor Used (1m Warranty),General,,,2000.0,2400.0,2280.0,0,1,1,5,active
1567,Wiring Insulation Tape Roll - Small,General,,,0.0,0.0,0.0,0,1,1,5,active
1048,Kingston A400 120GB Sata SSD New (3Y Warranty ),2.5 Inch NEW,,,3250.0,3900.0,3705.0,0,1,1,5,active
1049,Kingston KC600 256GB SSD New (3Y Warranty),2.5 Inch NEW,,,5500.0,10900.0,10355.0,2,1,1,5,active
1050,Kingston KC600 512GB SSD New (3Y Warranty),2.5 Inch NEW,,,9000.0,10800.0,10260.0,0,1,1,5,active
1052,WD Green 120GB Sata SSD New (3Y Warranty),2.5 Inch NEW,,,3250.0,3900.0,3705.0,0,1,1,5,active
1481,AZEK 128GB SATA SSD NEW (2Y Warranty),2.5 Inch NEW,,,6250.0,7900.0,7505.0,2,1,1,5,active
1051,Samsung 870 EVO 500GB SATA SSD New (3Y Warranty),2.5 Inch NEW,,,9250.0,11100.0,10545.0,0,1,1,5,active
1368,Team Vulcan Z 1TB SATA SSD New (3Y Warranty),2.5 Inch NEW,,,23900.0,28680.0,27246.0,0,1,1,5,active
1117,Intel 120GB Sata SSD Used (3m Warranty),2.5 USED,,,2250.0,2700.0,2565.0,0,1,1,5,active
1122,ADATA 480GB SATA SSD Used (3m Warranty),2.5 USED,,,6500.0,10500.0,9975.0,1,1,1,5,active
1119,Branded 120/128GB Sata SSD Used (3m Warranty),2.5 USED,,,3500.0,4200.0,3990.0,0,1,1,5,active
1402,Branded 240/256GB Sata SSD Used (3m Warranty),2.5 USED,,,4500.0,5400.0,5130.0,0,1,1,5,active
1432,Colorful 160GB Sata SSD Used (3m Warranty),2.5 USED,,,3250.0,3900.0,3705.0,0,1,1,5,active
1120,Mix Brand 120/128GB SSD Used (3m warranty),2.5 USED,,,3302.8,4900.0,4655.0,19,1,1,5,active
1121,Mix Brand 240/256GB SSD Used (3m Warranty),2.5 USED,,,6300.0,8000.0,7600.0,6,1,1,5,active
1118,WD Green 120GB Sata SSD Used (3m Warranty),2.5 USED,,,3500.0,3900.0,3705.0,1,1,1,5,active
1105,2.5 to 3.5 Bracket,Adapters,,,160.0,350.0,332.5,9,1,1,5,active
1089,HDMI TO VGA Adapter with audio,Adapters,,,320.0,600.0,570.0,4,1,1,5,active
1031,Laptop Caddy Slim Black,Adapters,,,325.0,600.0,570.0,11,1,1,5,active
1088,VGA TO DVI Adapter,Adapters,,,350.0,700.0,665.0,3,1,1,5,active
1266,1080P HDMI Splitter 1 to 2,Adapters,,,1250.0,2200.0,2090.0,1,1,1,5,active
1464,2.5 inch Hard disk USB 2.0 Enclosure (6m Warranty0,Adapters,,,850.0,1600.0,1520.0,4,1,1,5,active
1030,2.5 inch Hard disk USB 3.0 Enclosure (6m Warranty0,Adapters,,,650.0,1500.0,1425.0,1,1,1,5,active
1500,6 in 1 OTG Card Reader (3m Warranty),Adapters,,,450.0,800.0,760.0,1,1,1,5,active
1223,7.1 USB Sound Card New (3m Warranty),Adapters,,,280.0,750.0,712.5,5,1,1,5,active
1106,HDMI TO DVI Convertor,Adapters,,,200.0,500.0,475.0,2,1,1,5,active
1531,HMDI to DP Adapter New,Adapters,,,550.0,850.0,807.5,4,1,1,5,active
1530,Mini HDMI to HDMI Convertor,Adapters,,,200.0,450.0,427.5,5,1,1,5,active
1092,Motherboard USB Header Aadapter,Adapters,,,375.0,1000.0,950.0,10,1,1,5,active
1091,SATA TO USB Adapter,Adapters,,,500.0,1000.0,950.0,1,1,1,5,active
1107,VGA TO DVI Convertor,Adapters,,,200.0,450.0,427.5,7,1,1,5,active
1033,VGA to HDMI Adapter with Audio (Box),Adapters,,,1000.0,1750.0,1662.5,5,1,1,5,active
1455,DELL EMC Power Edge T40 Intel Xeon 2224G BareBone (3m Warranty),Branded PC,,,9000.0,14500.0,13775.0,1,1,1,5,active
1457,DELL OPTIPLEX 3020 I3 4th Gen PC Barebone (3m Warranty),Branded PC,,,8250.0,9900.0,9405.0,0,1,1,5,active
1213,DELL OPTIPLEX 390 i5 2nd Gen 4GB/500GB Desktop PC Used (3m Warranty),Branded PC,,,12500.0,15000.0,14250.0,0,1,1,5,active
1446,Dell Microtower i3 4th Gen 4/500 Mini PC Used (3m Warranty),Branded PC,,,12750.0,15300.0,14535.0,0,1,1,5,active
1458,HP Compaq 6200 Pro 2nd Gen PC Barebone (3m Warranty),Branded PC,,,5500.0,8500.0,8075.0,1,1,1,5,active
1580,Packard Bell iMedia S2984 PC 4GB DDR3/500GB HDD (3 months warranty),Branded PC,,,7500.0,9000.0,8550.0,0,1,1,5,active
1586,SAMSUNG i3 2nd Gen (H61) PC 4GB/500HDD (3m warranty),Branded PC,,,11000.0,13200.0,12540.0,0,1,1,5,active
1214,TG I5 4th Gen 4GB/500GB Desktop PC Used (3m Warranty),Branded PC,,,17500.0,21000.0,19950.0,0,1,1,5,active
1217,4G Dual Lens 2MP V380 CCTV Camera New (6m Warranty),CAMERA,,,4558.33,5470.0,5196.5,0,1,1,5,active
1430,4G Dual Lens 6MP Solar Camera New (6m Warranty),CAMERA,,,9600.0,11000.0,10450.0,1,1,1,5,active
1235,4G Dual Lens 8MP V380 CCTV Camera New (6m Warranty),CAMERA,,,5345.0,6900.0,6555.0,2,1,1,5,active
1237,4G Triple Lens V380 CCTV 360 Camera New (6m Warranty),CAMERA,,,7100.0,8520.0,8094.0,0,1,1,5,active
1576,4G Triple Lens V380 PRO Camera New - SC33-G (6m Warranty),CAMERA,,,7083.33,8900.0,8455.0,6,1,1,5,active
1423,8 Channel Wifi Wireless NVR New (6m Warranty),CAMERA,,,8000.0,9500.0,9025.0,2,1,1,5,active
1425,Camera 12V Power Supply New (6m Warranty),CAMERA,,,500.0,600.0,570.0,0,1,1,5,active
1592,GVTECH Wireless video door phone new (6m Warranty),CAMERA,,,13750.0,16900.0,16055.0,1,1,1,5,active
1577,IDIZ Dual lens 4G 2K Outdoor Waterproof CCTV Camera New (6+6m Warranty),CAMERA,,,9000.0,10900.0,10355.0,5,1,1,5,active
1502,ITECH TRIPLE LENS WIFI Camera New (6m Warranty),CAMERA,,,7850.0,8900.0,8455.0,1,1,1,5,active
1424,Itech 4G Triple Lens 12MP 6K V380 Camera New (6m Warranty),CAMERA,,,7050.0,8900.0,8455.0,1,1,1,5,active
1591,Lenvii C500 Barcode Scanner Handheld New (3m Warranty),CAMERA,,,5750.0,7000.0,6650.0,1,1,1,5,active
1221,Q-SEE MS-901 HD Webcam with Mic (6m Warranty),CAMERA,,,1100.0,2250.0,2137.5,1,1,1,5,active
1238,WIFI Bulb Security Camera (E27) New (3m Warranty),CAMERA,,,1850.0,3000.0,2850.0,1,1,1,5,active
1422,WIFI Dual Lens 6MP CCTV Camera New (6m Warranty),CAMERA,,,4583.33,5750.0,5462.5,3,1,1,5,active
1360,AOCHTA U3 Gaming Case New (3m Warranty),CASES,,,5700.0,7500.0,7125.0,1,1,1,5,active
1113,Branded Case Used,CASES,,,935.51,1500.0,1425.0,11,1,1,5,active
1116,Dual Tempered Glass Mid Tower Case Black New (6m Warranty),CASES,,,7250.0,9500.0,9025.0,5,1,1,5,active
1115,Dual Tempered Glass Mid Tower Case White New (6m Warranty),CASES,,,7750.0,9900.0,9405.0,5,1,1,5,active
1414,FALCON F5022 Black Case New (3m Warranty),CASES,,,3700.0,4440.0,4218.0,0,1,1,5,active
1413,FALCON F5031 Black Gaming Case (3m Warranty),CASES,,,3700.0,4440.0,4218.0,0,1,1,5,active
1415,GOLDEN FIELD SEA VIEW GZ360 PLUS BLACK CASING New (6m Warranty),CASES,,,11700.0,14500.0,13775.0,1,1,1,5,active
1564,Gamekm White D12 Gaming Case,CASES,,,4600.0,5520.0,5244.0,0,1,1,5,active
1419,Gaming Used Case,CASES,,,3916.67,4500.0,4275.0,2,1,1,5,active
1412,Golden Field V01 White Casing New (6m Warranty),CASES,,,4900.0,6500.0,6175.0,1,1,1,5,active
1361,JK Pro Balck Gaming Case With 3 Fans New (3m Warranty),CASES,,,13500.0,16200.0,15390.0,0,1,1,5,active
1110,Mini Case New,CASES,,,2850.0,3500.0,3325.0,3,1,1,5,active
1447,RAGEX AQUA Black Case New (6m Warranty),CASES,,,5000.0,6500.0,6175.0,1,1,1,5,active
1111,RAGEX AQUA White Case New (6m Warranty),CASES,,,5200.0,7000.0,6650.0,1,1,1,5,active
1112,RAGEX Pantum Case New (6m Warranty),CASES,,,7100.0,9500.0,9025.0,1,1,1,5,active
1108,RAGEX Rainbox Mini Case New (6m Warranty),CASES,,,3700.0,4900.0,4655.0,4,1,1,5,active
1109,RUIX TAN KE Gaming Case New,CASES,,,5300.0,6360.0,6042.0,0,1,1,5,active
1224,Ruix Titan Gaming Case New,CASES,,,5300.0,6500.0,6175.0,2,1,1,5,active
1483,VIPER ATX Case New,CASES,,,3750.0,4750.0,4512.5,2,1,1,5,active
1246,Vsheng Gaming Case New (6m Warranty),CASES,,,6000.0,7900.0,7505.0,2,1,1,5,active
1565,Core 2 Duo Board+Processor Used (1m Warranty),CPU,,,1500.0,1800.0,1710.0,0,1,1,5,active
1572,Core 2 Duo Processor Used (1m Warranty),CPU,,,250.0,300.0,285.0,0,1,1,5,active
1131,Core I3 2nd Gen Processor Used (3m Warranty),CPU,,,713.1,1500.0,1425.0,5,1,1,5,active
1132,Core I3 4th Gen Processor Used (3m Warranty),CPU,,,1201.82,1442.18,1370.07,0,1,1,5,active
1226,Core I5 2nd Gen Processor Used (3m Warranty),CPU,,,2000.0,3500.0,3325.0,3,1,1,5,active
1459,Core I5 4590 4th Gen Processor Used (3m Warranty),CPU,,,5900.0,6900.0,6555.0,1,1,1,5,active
1229,Core I5 4th Gen Processor Used (3m Warranty),CPU,,,4095.02,5900.0,5605.0,2,1,1,5,active
1476,Core I5 8th Gen Processor Used (3m Warranty),CPU,,,18500.0,22500.0,21375.0,1,1,1,5,active
1133,Core i3 6th Gen Processor Used (3m Warranty),CPU,,,2125.0,3500.0,3325.0,4,1,1,5,active
1134,Core i3 7th Gen Processor Used (3m Warranty),CPU,,,2500.0,4500.0,4275.0,3,1,1,5,active
1242,Core i3 8th Gen Processor Used (3m Warranty),CPU,,,8750.0,11500.0,10925.0,1,1,1,5,active
1477,Core i3 9th Gen Processor Used (3m Warranty),CPU,,,13000.0,17500.0,16625.0,1,1,1,5,active
1478,Core i3-10100F 10th Gen Processor Used (3m Warranty),CPU,,,20000.0,25000.0,23750.0,1,1,1,5,active
1135,Core i5 2550K OC 2nd Gen Processor Used (3m Warranty),CPU,,,2650.0,3750.0,3562.5,1,1,1,5,active
1138,Core i5 3rd Gen Processor Used (3m Warranty),CPU,,,2500.0,3000.0,2850.0,0,1,1,5,active
1219,Core i5 6th Gen Processor Used (3m Warranty),CPU,,,6050.0,9500.0,9025.0,3,1,1,5,active
1227,Core i5 7th Gen Processor Used (3m Warranty),CPU,,,5500.0,12500.0,11875.0,1,1,1,5,active
1599,Core i5 8400T 8th Gen Processor Used (3m Warranty),CPU,,,13500.0,17500.0,16625.0,1,1,1,5,active
1136,Core i5-6600 6th Gen Processor Used (3m Warranty),CPU,,,8500.0,10500.0,9975.0,3,1,1,5,active
1137,Core i5-9400F 9th Gen Processor Used (3m Warranty),CPU,,,17000.0,18500.0,17575.0,1,1,1,5,active
1512,I3 1st gen Processor Used (3m Warranty),CPU,,,400.0,480.0,456.0,0,1,1,5,active
1601,I3 3rd Gen Processor Used (3m Warranty),CPU,,,0.0,0.0,0.0,0,1,1,5,active
1480,Intel Pentium Gold G4930 9th Gen Processor Usec (3m Warranty),CPU,,,1500.0,3500.0,3325.0,2,1,1,5,active
1479,Intel Pentium Gold G5400 8th Gen Processor Usec (3m Warranty),CPU,,,2500.0,4000.0,3800.0,2,1,1,5,active
1448,Pentium 2nd Gen Processor Used (1m Warranty),CPU,,,300.0,360.0,342.0,0,1,1,5,active
1467,Ryzen 5 3600 6-Core Processor Used (3m Warranty),CPU,,,17500.0,21000.0,19950.0,0,1,1,5,active
1085,DP 1.8m Cable New,Cables,,,587.5,1100.0,1045.0,11,1,1,5,active
1083,HDMI 1.5m 1080P Cable New,Cables,,,225.0,270.0,256.5,0,1,1,5,active
1084,HDMI 3m 1080P Cable New,Cables,,,400.0,850.0,807.5,6,1,1,5,active
1090,HDMI TO VGA 1.5m Cable,Cables,,,400.0,850.0,807.5,4,1,1,5,active
1081,Printer Cable 1.5m New,Cables,,,150.0,450.0,427.5,5,1,1,5,active
1086,VGA 1.5m 3+6 Cable New,Cables,,,341.67,650.0,617.5,4,1,1,5,active
1579,VGA 1.5m 3+6 Cable Used,Cables,,,250.0,300.0,285.0,0,1,1,5,active
1087,VGA 1.5n 3+5 Cable New,Cables,,,256.67,308.0,292.6,0,1,1,5,active
1082,DVI 1.5m Cable New,Cables,,,500.0,1000.0,950.0,6,1,1,5,active
1000,HDMI 1.5m 4K and 2K Cable New,Cables,,,441.67,1250.0,1187.5,12,1,1,5,active
1001,HDMI 3m 4K and 2K Cable New,Cables,,,450.0,1650.0,1567.5,8,1,1,5,active
1222,Laptop Power Cable New,Cables,,,350.0,650.0,617.5,7,1,1,5,active
1203,Power Cable New 1.5m,Cables,,,349.84,650.0,617.5,15,1,1,5,active
1236,Power Cable Used,Cables,,,230.59,350.0,332.5,6,1,1,5,active
1220,SATA Cables New,Cables,,,0.0,100.0,95.0,947,1,1,5,active
1032,Type C to HDMI 1.8m 4Kx2K Cable (6m Warranty),Cables,,,800.0,1750.0,1662.5,5,1,1,5,active
1037,Remax RC-C113 A-M Micro USB Cable,Chargers,,,350.0,750.0,712.5,7,1,1,5,active
1038,Remax RP-U95 Charger New (6m Warranty),Chargers,,,600.0,1150.0,1092.5,8,1,1,5,active
1039,Remax RP-W58 Wireless 15W Charger New (6m Warranty),Chargers,,,1250.0,2250.0,2137.5,3,1,1,5,active
1040,Remax RC-C120 3in1 Cable,Chargers,,,800.0,1500.0,1425.0,2,1,1,5,active
1028,Bluetooth Adapter V5.0 (6m Warranty),Connectors,,,350.0,700.0,665.0,4,1,1,5,active
1210,6pin Fan Controller New - 10 ports (6m Warranty),Connectors,,,1150.0,2000.0,1900.0,6,1,1,5,active
1244,AC650 Wireless Dual Band USB Adapter New (6m Warranty),Connectors,,,2150.0,3750.0,3562.5,1,1,1,5,active
1080,Cat5 RJ45 1.5m Ethernet Cable New,Connectors,,,100.0,350.0,332.5,8,1,1,5,active
1079,Cat5 RJ45 10m Ethernet Cable New,Connectors,,,300.0,750.0,712.5,7,1,1,5,active
1078,Cat5 RJ45 20m Ethernet Cable New,Connectors,,,500.0,1250.0,1187.5,1,1,1,5,active
1263,Cat6 1.5m Ethernet Transmission Cable,Connectors,,,250.0,500.0,475.0,4,1,1,5,active
1264,Cat6 3m Ethernet Transmission Cable,Connectors,,,350.0,650.0,617.5,6,1,1,5,active
1265,Cat6 5m Ethernet Transmission Cable,Connectors,,,400.0,850.0,807.5,3,1,1,5,active
1597,Cat6 RJ45 20m Ethernet Cable,Connectors,,,1100.0,2000.0,1900.0,3,1,1,5,active
1489,LB Link 300Mbps WIFI Wireless Adapter (3m Warranty),Connectors,,,325.0,900.0,855.0,15,1,1,5,active
1029,Type C to USB HUB 4 Ports,Connectors,,,450.0,540.0,513.0,0,1,1,5,active
1491,USB 2.0 HUB 4 PORTS (3m Warranty),Connectors,,,305.0,750.0,712.5,17,1,1,5,active
1209,USB 5V TO Router 12V Cable,Connectors,,,275.0,750.0,712.5,7,1,1,5,active
1027,WIFI Wireless Adapter 150Mbps (6m Warranty),Connectors,,,525.0,630.0,598.5,0,1,1,5,active
1097,HM501 30g Thermal Paste,Coolers & Fans,,,100.0,550.0,522.5,2,1,1,5,active
1095,1g Thermal Paste,Coolers & Fans,,,30.48,80.0,76.0,34,1,1,5,active
1468,AMD Original CPU Cooler Used (3m Warranty),Coolers & Fans,,,1000.0,1200.0,1140.0,0,1,1,5,active
1026,BAJEAL A200 RGB CPU Cooler New (6m Warranty),Coolers & Fans,,,1500.0,2500.0,2375.0,6,1,1,5,active
1204,Bajeal Prism ARGB 5v 3pin Fan New - Black (6m Warranty),Coolers & Fans,,,700.0,1250.0,1187.5,10,1,1,5,active
1205,Bajeal Prism ARGB 6pin Fan New - Black (6m Warranty),Coolers & Fans,,,650.0,1150.0,1092.5,15,1,1,5,active
1431,GOLDEN FIELD TJ360 ARGB LIQUID COOLER New (6m Warranty),Coolers & Fans,,,15500.0,19500.0,18525.0,1,1,1,5,active
1096,HY501 30g Thermal Paste,Coolers & Fans,,,150.0,650.0,617.5,7,1,1,5,active
1073,Intel CPU Cooler LGA115X New (6m Warranty),Coolers & Fans,,,650.0,1450.0,1377.5,17,1,1,5,active
1198,Intel CPU Cooler Used (1m Warranty),Coolers & Fans,,,300.0,1000.0,950.0,1,1,1,5,active
1206,Prism ARGB 6pin Fan New - White (6m Warranty),Coolers & Fans,,,750.0,1250.0,1187.5,33,1,1,5,active
1471,RGB Ring Light Controllable Fan,Coolers & Fans,,,350.0,1000.0,950.0,6,1,1,5,active
1426,Single Color Fan,Coolers & Fans,,,400.0,480.0,456.0,0,1,1,5,active
1211,Solid Rainbow ARGB Ring Light Fan New - Black (3m Warranty),Coolers & Fans,,,575.0,690.0,655.5,0,1,1,5,active
1207,Solid Rainbow RGB Fan New - Black (6m Warranty),Coolers & Fans,,,467.56,900.0,855.0,13,1,1,5,active
1212,Solid Rainbow RGB Fan New - White (6m Warranty),Coolers & Fans,,,600.0,1000.0,950.0,13,1,1,5,active
1098,YJ-G300 30g Thermal Paste Gold,Coolers & Fans,,,400.0,1300.0,1235.0,10,1,1,5,active
1208,Yuhan 6pin ARGB Fan New - Black (6m Warranty),Coolers & Fans,,,575.0,1100.0,1045.0,15,1,1,5,active
1058,Kingston DDR3 12800 8GB 1600MHz Desktop Ram New (2Y Warranty),DESKTOP RAM NEW,,,2500.0,3000.0,2850.0,0,1,1,5,active
1059,Kingston DDR3 14900 8GB 1866MHz Desktop Ram New (2Y Warranty),DESKTOP RAM NEW,,,2750.0,3300.0,3135.0,0,1,1,5,active
1061,Kingston HyperX DDR3 8GB 1600MHz Desktop Ram New (2Y Warranty),DESKTOP RAM NEW,,,3250.0,3900.0,3705.0,0,1,1,5,active
1062,Kingston HyperX DDR3 8GB 1866MHz Desktop Ram New (2Y Warranty),DESKTOP RAM NEW,,,3500.0,4200.0,3990.0,0,1,1,5,active
1366,Dahua DDR4 8GB 3200MHz Gaming Ram New (3Y Warranty),DESKTOP RAM NEW,,,9500.0,11400.0,10830.0,0,1,1,5,active
1060,Kingston DDR4 8GB 2666MHz Desktop Ram New (2Y Warranty),DESKTOP RAM NEW,,,7500.0,9000.0,8550.0,0,1,1,5,active
1367,Thermaltake DDR4 16GB(8x2) 3200MHZ RGB Ram Kit New (3Y Warranty),DESKTOP RAM NEW,,,24500.0,29400.0,27930.0,0,1,1,5,active
1154,ADATA DDR4 8GB 3200MHz Desktop Ram Used (3m Warranty),DESKTOP RAM USED,,,4937.5,5925.0,5628.75,0,1,1,5,active
1151,Corsair Vengeance LPX DDR4 8GB 2666MHz Ram Used (3m Warranty),DESKTOP RAM USED,,,5500.0,6600.0,6270.0,0,1,1,5,active
1152,Corsair Vengeance LPX DDR4 8GB 3000MHz Ram Used (3m,DESKTOP RAM USED,,,7000.0,8400.0,7980.0,0,1,1,5,active
1153,Corsair Vengeance LPX DDR4 8GB 3200MHz Ram Used (3m,DESKTOP RAM USED,,,6500.0,7800.0,7410.0,0,1,1,5,active
1453,DDR2 1GB Ram Used (1m Warranty),DESKTOP RAM USED,,,212.5,750.0,712.5,4,1,1,5,active
1139,DDR2 2GB Desktop Ram Used (1m Warranty),DESKTOP RAM USED,,,475.0,1000.0,950.0,2,1,1,5,active
1514,DDR3 2GB Desktop Ram Used (3m Warranty),DESKTOP RAM USED,,,500.0,1250.0,1187.5,2,1,1,5,active
1141,Gaming DDR3 4GB Desktop Ram Used (3m Warranty),DESKTOP RAM USED,,,1000.0,1200.0,1140.0,0,1,1,5,active
1143,Gaming DDR3 8GB 1600MHz Desktop Ram Used (3m Warranty),DESKTOP RAM USED,,,2250.0,2700.0,2565.0,0,1,1,5,active
1144,Gaming DDR3 8GB 1866MHz Desktop Ram Used (3m Warranty),DESKTOP RAM USED,,,2500.0,4750.0,4512.5,1,1,1,5,active
1145,Gaming DDR3 8GB 2400MHz Desktop Ram Used (3m Warranty),DESKTOP RAM USED,,,3000.0,5100.0,4845.0,2,1,1,5,active
1216,Gaming DDR4 16GB 2XXXMHz Ram Used (3m Warranty),DESKTOP RAM USED,,,12944.44,19500.0,18525.0,2,1,1,5,active
1147,Gaming DDR4 4GB 2XXXMHz Desktop Ram Used (3m Warranty),DESKTOP RAM USED,,,3745.83,4750.0,4512.5,6,1,1,5,active
1148,Gaming DDR4 8GB 2400/2666MHz Desktop Ram Used (3m Warranty),DESKTOP RAM USED,,,11500.0,13800.0,13110.0,0,1,1,5,active
1150,Gaming DDR4 8GB 3XXXMHz RGB Ram Used (3m Warranty),DESKTOP RAM USED,,,6875.0,12500.0,11875.0,1,1,1,5,active
1149,Gaming DDR4 8GB 3XXXMHz Ram Used (3m Warranty),DESKTOP RAM USED,,,9125.0,12500.0,11875.0,1,1,1,5,active
1581,Normal DDR3 4GB 1333MHz Desktop Ram Used (3m Warranty),DESKTOP RAM USED,,,750.0,1800.0,1710.0,5,1,1,5,active
1140,Normal DDR3 4GB 1600MHz Desktop Ram Used (3m Warranty),DESKTOP RAM USED,,,1068.35,1900.0,1805.0,1,1,1,5,active
1142,Normal DDR3 8GB 1600MHz Desktop Ram Used (3m Warranty),DESKTOP RAM USED,,,3058.04,3669.65,3486.17,0,1,1,5,active
1462,Normal DDR4 16GB 3200MHz Ram Used (3m Warranty),DESKTOP RAM USED,,,14500.0,17400.0,16530.0,0,1,1,5,active
1146,Normal DDR4 4GB 2XXXMHz Desktop Ram Used (3m Warranty),DESKTOP RAM USED,,,3312.95,4250.0,4037.5,14,1,1,5,active
1378,Normal DDR4 8GB 2400/2666MHz Desktop Ram Used (3m Warranty),DESKTOP RAM USED,,,8636.67,11500.0,10925.0,2,1,1,5,active
1215,Samsung DDR4 16GB 2666MHz Desktop Ram Used (3m Warranty),DESKTOP RAM USED,,,12500.0,15000.0,14250.0,0,1,1,5,active
1549,FANTECH NOTEBOOK COOLER NC14 NEW (6m Warranty),FANTECH GAMING ACCESSORIES,,,3000.0,3900.0,3705.0,2,1,1,5,active
1274,FANTECH NOVA II WGP17 Mini Gaming Controller New (6m Warranty),FANTECH GAMING ACCESSORIES,,,3500.0,4900.0,4655.0,1,1,1,5,active
1277,FANTECH P51 WIRED GAMING SET 5 IN 1 NEW (6m Warranty),FANTECH GAMING ACCESSORIES,,,8500.0,11000.0,10450.0,1,1,1,5,active
1273,FANTECH SHOOTER II GP13 Gaming Controller New (6m Warranty),FANTECH GAMING ACCESSORIES,,,4200.0,5040.0,4788.0,0,1,1,5,active
1276,FANTECH ATOM61 MK211 60% KEY Mechanical Keyboard New (6m Warranty),FANTECH KEYBOARD,,,3650.0,4380.0,4161.0,0,1,1,5,active
1275,FANTECH K515s SHIKARI S Gaming Keyboard New (6m Warranty),FANTECH KEYBOARD,,,2450.0,3500.0,3325.0,1,1,1,5,active
1270,FANTECH CRYPTO II VX7V2 Gaming Mouse New (6m Warranty),FANTECH MOUSE,,,2500.0,3250.0,3087.5,1,1,1,5,active
1568,FANTECH KANTANA VX9 Gaming Mouse New (6m Warranty),FANTECH MOUSE,,,1750.0,3000.0,2850.0,1,1,1,5,active
1548,FANTECH RAIGOR II WG10 Gaming Mouse New (6m Warranty),FANTECH MOUSE,,,2150.0,3250.0,3087.5,1,1,1,5,active
1268,FANTECH RAIGOR III WG12 Wireless Gaming Mouse New (6m Warranty),FANTECH MOUSE,,,2150.0,2750.0,2612.5,1,1,1,5,active
1269,FANTECH THOR X9 Gaming Mouse New (6m Warranty),FANTECH MOUSE,,,2750.0,3500.0,3325.0,1,1,1,5,active
1267,FANTECH VENOM II VIBE WGC2 Wireless Gaming Mouse New (6m Warranty),FANTECH MOUSE,,,3800.0,4900.0,4655.0,1,1,1,5,active
1398,FANTECH HQ54 MARS II GAMING HEADSET NEW (6m Warranty),FANTECH SPEAKERS & HEADPHONES,,,2400.0,3250.0,3087.5,1,1,1,5,active
1400,FANTECH HQ55 PORTAL 3.5MM HEADSET New (6m Warranty),FANTECH SPEAKERS & HEADPHONES,,,3450.0,4750.0,4512.5,1,1,1,5,active
1272,FANTECH NERABOX BS153 3-Way Connectivity BT Speaker New (6m Warranty),FANTECH SPEAKERS & HEADPHONES,,,2400.0,3500.0,3325.0,1,1,1,5,active
1271,FANTECH NERABOX BS155 Bluetooth Speaker New (6m Warranty),FANTECH SPEAKERS & HEADPHONES,,,1910.0,2292.0,2177.4,0,1,1,5,active
1399,FANTECH TONE II HQ56 WIRED GAMING HEADSET New (6m Warranty),FANTECH SPEAKERS & HEADPHONES,,,2000.0,3000.0,2850.0,1,1,1,5,active
1190,AMD R9 370 4GB Graphics Card Used (3m Warranty,Graphics Card,,,17500.0,21000.0,19950.0,0,1,1,5,active
1191,AMD R9 380 4GB Graphics Card Used (3m Warranty,Graphics Card,,,16500.0,20000.0,19000.0,1,1,1,5,active
1573,AMD RX460 4GB Graphics Card Used (3m Warranty),Graphics Card,,,18500.0,23500.0,22325.0,1,1,1,5,active
1192,AMD RX580 8GB Graphics Card Used (3m Warranty),Graphics Card,,,23500.0,28200.0,26790.0,0,1,1,5,active
1394,Asus/Gigabyte Z97/H97 Gaming Motherboard Used (3m Warranty),Graphics Card,,,6500.0,7800.0,7410.0,0,1,1,5,active
1228,GT 740 2GB Graphics Card Used (3m Warranty),Graphics Card,,,5000.0,6500.0,6175.0,1,1,1,5,active
1554,GT1030 4GB Graphics Card Used (3m Warranty),Graphics Card,,,3500.0,7500.0,7125.0,1,1,1,5,active
1187,GT610 1GB GDDR3 Graphics Card Used (3m Warranty),Graphics Card,,,2750.0,3300.0,3135.0,0,1,1,5,active
1241,GTX 750 2GB Graphics Card Used (3m Warranty),Graphics Card,,,11250.0,13500.0,12825.0,0,1,1,5,active
1391,GTX 760 2GB Graphics Card Used (3m Warranty),Graphics Card,,,11750.0,14100.0,13395.0,0,1,1,5,active
1440,GTX 960 4GB Graphics Card Used (3m Warranty),Graphics Card,,,21500.0,26500.0,25175.0,1,1,1,5,active
1441,GTX 970 4GB Graphics Card Used (3m warranty),Graphics Card,,,21500.0,27500.0,26125.0,1,1,1,5,active
1393,GTX650 1GB Graphics Card Used (3m Warranty),Graphics Card,,,4750.0,7900.0,7505.0,2,1,1,5,active
1189,GTX660 2GB Graphics Card Used (3m Warranty),Graphics Card,,,10500.0,13500.0,12825.0,2,1,1,5,active
1392,GTX950 2GB Graphics Card Used (3m Warranty),Graphics Card,,,14000.0,16800.0,15960.0,0,1,1,5,active
1188,Galax GTX 660 3GB Graphics Card Used (3m Warranty),Graphics Card,,,10750.0,12900.0,12255.0,0,1,1,5,active
1574,Galaxy GTX 1060 5GB Graphics Card Used (3m Warranty),Graphics Card,,,33000.0,39600.0,37620.0,0,1,1,5,active
1542,Gigabyte GTX 760 2GB Triple fan OC Graphics Card Used (3m Warranty),Graphics Card,,,11500.0,13800.0,13110.0,0,1,1,5,active
1257,RX560XT 8GB Graphics Card Used (3m Warranty),Graphics Card,,,23000.0,29000.0,27550.0,1,1,1,5,active
1258,XFX RX590 GME Graphics Card Used (3m Warranty),Graphics Card,,,30000.0,38500.0,36575.0,1,1,1,5,active
1249,2TB Desktop Hard Disk Refurbished (3m Warranty),HDD,,,8657.14,12500.0,11875.0,6,1,1,5,active
1513,320GB Desktop Hard disk Used (3m Warranty),HDD,,,2000.0,2400.0,2280.0,0,1,1,5,active
1250,3TB Desktop Hard Disk Refurbished (3m Warranty),HDD,,,11500.0,13800.0,13110.0,0,1,1,5,active
1156,500GB DESKTOP HARD DISK Refurbished (3m Warranty),HDD,,,2619.73,4250.0,4037.5,6,1,1,5,active
1584,Branded 160GB Laptop Hard disk 2.5 inch Used (3m Warranty),HDD,,,500.0,1700.0,1615.0,1,1,1,5,active
1248,Branded 1TB Desktop Hard Disk Used (3m Warranty),HDD,,,5657.14,9000.0,8550.0,7,1,1,5,active
1420,Branded 1TB Laptop Hard disk 2.5 inch Used (3m Warranty),HDD,,,5250.0,6300.0,5985.0,0,1,1,5,active
1375,Branded 250GB Laptop Hard disk 2.5 inch Used (3m Warranty),HDD,,,1650.0,2500.0,2375.0,1,1,1,5,active
1376,Branded 320GB Laptop Hard disk 2.5 inch Used (3m Warranty),HDD,,,1750.0,2100.0,1995.0,0,1,1,5,active
1155,Branded 500GB Laptop Hard disk 2.5 inch Used (3m Warranty),HDD,,,3716.56,4500.0,4275.0,10,1,1,5,active
1377,Branded 750GB Laptop Hard disk 2.5 inch Used (3m Warranty),HDD,,,4750.0,6750.0,6412.5,1,1,1,5,active
1002,A2 Gaming Headphone with Mic (6m Warranty),Headphones & Speakers,,,750.0,1750.0,1662.5,3,1,1,5,active
1003,BAJEAL G18 7.1 Gaming Headphone (1Y Warranty),Headphones & Speakers,,,1650.0,3250.0,3087.5,1,1,1,5,active
1004,P9 Pro Max Wireless Headphone (6m Warranty,Headphones & Speakers,,,900.0,1850.0,1757.5,5,1,1,5,active
1493,HOTMAI A555 Multimedia Speaker RGB (3m Warranty),Headphones & Speakers,,,943.75,1132.5,1075.88,0,1,1,5,active
1024,HUIAI Mini USB Speaker (6m Warranty),Headphones & Speakers,,,500.0,1000.0,950.0,10,1,1,5,active
1494,KISONLI A606 USB Speakers New (3m Warranty),Headphones & Speakers,,,687.5,1500.0,1425.0,1,1,1,5,active
1025,YSD 1046 Mini Digital Speaker (6m Warranty),Headphones & Speakers,,,900.0,1080.0,1026.0,0,1,1,5,active
1582,Hadhiya change,Items lIst 1,,,385.0,462.0,438.9,1,1,1,5,active
1005,AOC KM210 Wireless Keyboard and Mouse New (6m Warranty),Keyboard & Mouse,,,2250.0,4250.0,4037.5,6,1,1,5,active
1018,BAJEAL G5 Gaming Mouse New (6m Warranty),Keyboard & Mouse,,,1250.0,1500.0,1425.0,3,1,1,5,active
1007,BAJEAL K1800 USB keyboard New (6m Warranty),Keyboard & Mouse,,,750.0,1500.0,1425.0,9,1,1,5,active
1009,BAJEAL K35 Gaming RGB Keyboard New (6m Warranty),Keyboard & Mouse,,,1000.0,1650.0,1567.5,1,1,1,5,active
1021,XI Wireless Mouse New (6m Warranty),Keyboard & Mouse,,,1050.0,1250.0,1187.5,2,1,1,5,active
1020,AOC MS121 Optical Wired Mouse (6m Warranty),Keyboard & Mouse,,,425.0,510.0,484.5,0,1,1,5,active
1011,BAJEAL K1000 USB Mini Keyboard (6m Warranty),Keyboard & Mouse,,,850.0,1500.0,1425.0,4,1,1,5,active
1017,Bajeal D1 Gaming Mouse New (6m Warranty),Keyboard & Mouse,,,1050.0,1250.0,1187.5,4,1,1,5,active
1022,Bajeal T350 Keyboard and Mouse Gaming Combo (6m Warranty),Keyboard & Mouse,,,1600.0,2500.0,2375.0,6,1,1,5,active
1023,Bajeal T450 Keyboard and Mouse Gaming Combo (6m Warranty),Keyboard & Mouse,,,1900.0,2900.0,2755.0,6,1,1,5,active
1243,Branded Keyboard Used (1m Warranty),Keyboard & Mouse,,,559.23,1250.0,1187.5,1,1,1,5,active
1397,Branded Mouse Used (1m Warranty),Keyboard & Mouse,,,504.4,950.0,902.5,17,1,1,5,active
1012,DELL KB-218 Wired Business Keyboard New (6m Warranty),Keyboard & Mouse,,,850.0,1750.0,1662.5,8,1,1,5,active
1487,DELL Original Wired Slim Keyboard New (1Y Warranty),Keyboard & Mouse,,,1200.0,2250.0,2137.5,4,1,1,5,active
1475,Dell WM126 Wireless Mouse New (6m Warranty),Keyboard & Mouse,,,1300.0,2250.0,2137.5,3,1,1,5,active
1014,HP GK100F Mechanical Gaming Keyboard Blue Switch (1Y Warranty),Keyboard & Mouse,,,3700.0,5500.0,5225.0,3,1,1,5,active
1015,HP H100 Gaming Headset (1Y Warranty),Keyboard & Mouse,,,2000.0,3500.0,3325.0,3,1,1,5,active
1013,HP K1600 Wired Businiess Keyboard New (6m Warranty),Keyboard & Mouse,,,850.0,1750.0,1662.5,8,1,1,5,active
1008,JADEL GK106 Gaming Keyboard & Mouse New (6m Warranty),Keyboard & Mouse,,,2000.0,2400.0,2280.0,0,1,1,5,active
1010,JADEL K32 Gaming Keyboard New (6m Warranty),Keyboard & Mouse,,,1750.0,2100.0,1995.0,0,1,1,5,active
1490,JADEL W690 Wireless Mouse New (3m Warranty),Keyboard & Mouse,,,375.0,1250.0,1187.5,8,1,1,5,active
1245,Jadel 220 Optical USB Mouse New (3m Warranty),Keyboard & Mouse,,,250.0,550.0,522.5,1,1,1,5,active
1016,Logitech M220 Silent Wireless Mouse (6m Warranty),Keyboard & Mouse,,,775.0,1550.0,1472.5,3,1,1,5,active
1470,Meetion R547 Wireless Mouse New (6m Warranty),Keyboard & Mouse,,,900.0,1500.0,1425.0,1,1,1,5,active
1364,OP-10 Office Mouse New (3m Warranty),Keyboard & Mouse,,,350.0,750.0,712.5,1,1,1,5,active
1006,Philips C234 Wired Keyboard and Mouse (6m Warranty),Keyboard & Mouse,,,1300.0,2000.0,1900.0,1,1,1,5,active
1019,Philips SPK9314 3-Button Wired Gaming Mouse New (6m Warranty),Keyboard & Mouse,,,750.0,1750.0,1662.5,3,1,1,5,active
1365,VIPER EK01 3 Language Keyboard New (3m Warranty),Keyboard & Mouse,,,850.0,1600.0,1520.0,2,1,1,5,active
1496,W410 Optical Mouse New (3m Warranty),Keyboard & Mouse,,,235.0,650.0,617.5,8,1,1,5,active
1492,Wireless Mini Keyboard and Mouse GKM901 (3m Warranty),Keyboard & Mouse,,,1250.0,1500.0,1425.0,0,1,1,5,active
1571,iMICE AK600 Gaming Keyboard New (6m Warranty),Keyboard & Mouse,,,2000.0,2500.0,2375.0,2,1,1,5,active
1066,Kingston DDR4 16GB 3200MHz Laptop Ram New (2Y Warranty),LAPTOP RAM NEW,,,12500.0,15000.0,14250.0,0,1,1,5,active
1067,Kingston DDR4 8GB 2400MHz Laptop Ram New (2Y Warranty),LAPTOP RAM NEW,,,7000.0,8400.0,7980.0,0,1,1,5,active
1068,Kingston DDR4 8GB 3200MHz Laptop Ram New (2Y Warranty),LAPTOP RAM NEW,,,7500.0,9000.0,8550.0,0,1,1,5,active
1069,Kingston PC3 8GB 1600MHz Laptop Ram New (2Y Warranty),LAPTOP RAM NEW,,,3000.0,4500.0,4275.0,3,1,1,5,active
1070,Kingston PC3L 8GB 1600MHz Laptop Ram New (2Y Warranty),LAPTOP RAM NEW,,,3200.0,4750.0,4512.5,1,1,1,5,active
1072,ADATA 16GB 3200MHZ Laptop Ram New (3m Warranty),LAPTOP RAM NEW,,,17500.0,26500.0,25175.0,2,1,1,5,active
1063,HyperX DDR4 16GB 2400MHz Laptop Gaming Ram New (3Y Warranty),LAPTOP RAM NEW,,,12500.0,24000.0,22800.0,3,1,1,5,active
1064,HyperX DDR4 16GB 2666MHz Laptop Gaming Ram New (3Y Warranty),LAPTOP RAM NEW,,,13500.0,25000.0,23750.0,1,1,1,5,active
1065,HyperX DDR4 8GB 2666MHz Laptop Gaming Ram New (3Y Warranty),LAPTOP RAM NEW,,,7500.0,9000.0,8550.0,0,1,1,5,active
1071,Transcend 16GB DDR5 4800MHz Laptop Ram NEW (3Y Warranty),LAPTOP RAM NEW,,,20000.0,24000.0,22800.0,0,1,1,5,active
1157,Branded PC3L 4GB Laptop Ram Used (3m Warranty),LAPTOP RAM USED,,,989.84,1750.0,1662.5,8,1,1,5,active
1240,Branded PC3L 8GB Laptop Ram Used (3m Warranty),LAPTOP RAM USED,,,3438.1,3900.0,3705.0,9,1,1,5,active
1418,Branded PC4 16GB 2666MHz Laptop Ram Used (3m Warranty),LAPTOP RAM USED,,,11000.0,13200.0,12540.0,0,1,1,5,active
1159,Branded PC4 4GB 2133MHz Laptop Ram Used (3m Warranty),LAPTOP RAM USED,,,4850.0,6500.0,6175.0,2,1,1,5,active
1563,Branded PC4 4GB 2666MHz Laptop Ram Used (3m Warranty),LAPTOP RAM USED,,,3500.0,6900.0,6555.0,1,1,1,5,active
1160,Branded PC4 8GB 2400MHz Laptop Ram Used (3m Warranty),LAPTOP RAM USED,,,6000.0,10500.0,9975.0,2,1,1,5,active
1161,Branded PC4 8GB 2666MHz Laptop Ram Used (3m Warranty),LAPTOP RAM USED,,,8033.33,9640.0,9158.0,0,1,1,5,active
1374,Samsung PC3 2GB Laptop Ram Used (3m Warranty),LAPTOP RAM USED,,,400.0,1000.0,950.0,3,1,1,5,active
1158,Samsung PC3 4GB Laptop Ram Used (3m Warranty),LAPTOP RAM USED,,,972.22,1750.0,1662.5,8,1,1,5,active
1427,Dell Laptop Charging Port,Laptop Accessories,,,900.0,1080.0,1026.0,0,1,1,5,active
1569,EGOSTAND Cooling Pad New (3m Warranty),Laptop Accessories,,,1775.0,2500.0,2375.0,3,1,1,5,active
1371,Laptop Back pack,Laptop Accessories,,,0.0,0.0,0.0,0,1,1,5,active
1370,Laptop Bag,Laptop Accessories,,,1350.0,2250.0,2137.5,3,1,1,5,active
1570,N99 Cooling Pad New (3m Warranty),Laptop Accessories,,,2383.33,3500.0,3325.0,2,1,1,5,active
1383,Thermal Grease LK-15,Laptop Accessories,,,600.0,1500.0,1425.0,3,1,1,5,active
1442,Toshibs C50 Speakers,Laptop Accessories,,,2000.0,2400.0,2280.0,0,1,1,5,active
1342,ASUS X555 A+ Laptop Battery (6m Warranty),Laptop Batteries,,,6000.0,7900.0,7505.0,1,1,1,5,active
1343,ASUS X556 A+ Laptop Battery (6m Warranty),Laptop Batteries,,,6000.0,7900.0,7505.0,1,1,1,5,active
1350,Acer Aspire E5-575 16A5K A+ Laptop Battery (6m Warranty),Laptop Batteries,,,7000.0,8900.0,8455.0,1,1,1,5,active
1351,Acer Aspire V5-471G A+ Laptop Battery (6m Warranty),Laptop Batteries,,,6800.0,8750.0,8312.5,1,1,1,5,active
1333,Dell Inspiron 3521 40W A+ Laptop Battery New (6m Warranty),Laptop Batteries,,,6000.0,8000.0,7600.0,2,1,1,5,active
1334,Dell Inspiron 3521 65W A Laptop Battery New (6m Warranty),Laptop Batteries,,,5800.0,7750.0,7362.5,1,1,1,5,active
1332,Dell Inspiron 4010 5010 Laptop Battery New (6m Warranty),Laptop Batteries,,,4500.0,6500.0,6175.0,1,1,1,5,active
1335,Dell Inspiron M5Y1K 3451 A+ Laptop Battery New (6m Warranty),Laptop Batteries,,,5866.67,7500.0,7125.0,2,1,1,5,active
1336,Dell Inspiron WDX0R Laptop Battery New (6m Warranty),Laptop Batteries,,,7000.0,8900.0,8455.0,1,1,1,5,active
1344,HP Compaq CQ42 A+ Laptop Battery (6m Warranty),Laptop Batteries,,,6000.0,7900.0,7505.0,1,1,1,5,active
1346,HP Pavilion HS04 A+ Laptop Battery (6m Warranty),Laptop Batteries,,,5800.0,7750.0,7362.5,1,1,1,5,active
1347,HP Pavilion HT03XL A+ Laptop Battery (6m Warranty),Laptop Batteries,,,6900.0,8750.0,8312.5,1,1,1,5,active
1349,HP Pavilion LA04 Laptop Battery (6m Warranty),Laptop Batteries,,,4800.0,6600.0,6270.0,1,1,1,5,active
1345,HP Pavilion OA04 Laptop Battery (6m Warranty),Laptop Batteries,,,4500.0,6500.0,6175.0,1,1,1,5,active
1348,HP Pavilion VI04 A+ Laptop Battery (6m Warranty),Laptop Batteries,,,6000.0,7900.0,7505.0,1,1,1,5,active
1341,Lenovo Ideapad G480 Laptop Battery (6m Warranty),Laptop Batteries,,,8700.0,10500.0,9975.0,1,1,1,5,active
1340,Lenovo Thinkpad T410 Laptop Battery (6m Warranty),Laptop Batteries,,,8300.0,9900.0,9405.0,1,1,1,5,active
1339,Toshiba PA5185U Laptop Battery (6m Warranty),Laptop Batteries,,,6000.0,7900.0,7505.0,1,1,1,5,active
1338,Toshiba Satellite 3817 Laptop Battery (6m Warranty),Laptop Batteries,,,4000.0,5500.0,5225.0,1,1,1,5,active
1337,Toshiba Satellite 5024 Laptop Battery (6m Warranty),Laptop Batteries,,,4500.0,5900.0,5605.0,1,1,1,5,active
1286,ACER 315 Laptop Cooling Fan (3m Warranty),Laptop Cooling Fan,,,2250.0,3500.0,3325.0,1,1,1,5,active
1287,ACER E5-576 Laptop Cooling Fan (3m Warranty),Laptop Cooling Fan,,,1800.0,3000.0,2850.0,1,1,1,5,active
1285,DELL 3521 Laptop Cooling Fan (3m Warranty),Laptop Cooling Fan,,,1800.0,3000.0,2850.0,1,1,1,5,active
1284,HP 15AB Laptop Cooling Fan (3m Warranty),Laptop Cooling Fan,,,1800.0,3000.0,2850.0,1,1,1,5,active
1282,HP 15R Laptop Cooling Fan (3m Warranty),Laptop Cooling Fan,,,1800.0,3000.0,2850.0,2,1,1,5,active
1280,HP 15da Laptop Cooling Fan (3m Warranty),Laptop Cooling Fan,,,1800.0,3000.0,2850.0,2,1,1,5,active
1288,HP 4420 Laptop Cooling Fan (3m Warranty),Laptop Cooling Fan,,,1800.0,3000.0,2850.0,1,1,1,5,active
1279,HP 450 G2 Laptop Cooling Fan (3m Warranty),Laptop Cooling Fan,,,1800.0,3000.0,2850.0,1,1,1,5,active
1278,HP 4530 Laptop Cooling Fan (3m Warranty),Laptop Cooling Fan,,,1800.0,3000.0,2850.0,1,1,1,5,active
1281,HP 4540S Laptop Cooling Fan (3m Warranty),Laptop Cooling Fan,,,1800.0,3000.0,2850.0,1,1,1,5,active
1283,HP G6-1000 Laptop Cooling Fan (3m Warranty),Laptop Cooling Fan,,,1800.0,3000.0,2850.0,1,1,1,5,active
1327,ASUS X512 Laptop Keyboard (6m Warranty),Laptop Keyboards,,,1500.0,2750.0,2612.5,1,1,1,5,active
1328,ASUS X542 Laptop Keyboard (6m Warranty),Laptop Keyboards,,,1500.0,2750.0,2612.5,1,1,1,5,active
1326,ASUS X555 Laptop Keyboard (6m Warranty),Laptop Keyboards,,,2150.0,3200.0,3040.0,1,1,1,5,active
1322,Acer Aspire 4736Z Laptop Keyboard (6m Warranty),Laptop Keyboards,,,1450.0,2700.0,2565.0,1,1,1,5,active
1323,Acer Aspire E5-573 Laptop Keyboard (6m Warranty),Laptop Keyboards,,,1450.0,26503.0,25177.85,1,1,1,5,active
1324,Acer Swift SF315 (Long) Laptop Keyboard (6m Warranty),Laptop Keyboards,,,1500.0,2750.0,2612.5,1,1,1,5,active
1325,Acer Swift SF315 (Side) Laptop Keyboard (6m Warranty),Laptop Keyboards,,,1500.0,2750.0,2612.5,1,1,1,5,active
1316,Dell 3501 Laptop Keyboard (6m Warranty),Laptop Keyboards,,,2000.0,3250.0,3087.5,1,1,1,5,active
1313,Dell 3521/15R 5521 Laptop Keyboard (6m Warranty),Laptop Keyboards,,,1500.0,2750.0,2612.5,1,1,1,5,active
1314,Dell 3542 Laptop Keyboard (6m Warranty),Laptop Keyboards,,,1600.0,2750.0,2612.5,1,1,1,5,active
1315,Dell 7566 Laptop Keyboard (6m Warranty),Laptop Keyboards,,,1500.0,2750.0,2612.5,1,1,1,5,active
1309,HP 15-AC / G4 25X Laptop Keyboard (6m Warranty),Laptop Keyboards,,,1500.0,2750.0,2612.5,1,1,1,5,active
1311,HP 15-BS/ G6 25X Laptop Keyboard (6m Warranty),Laptop Keyboards,,,1700.0,2900.0,2755.0,1,1,1,5,active
1310,HP 15-DA/15-DB/15-DX Laptop Keyboard (6m Warranty),Laptop Keyboards,,,1500.0,2750.0,2612.5,1,1,1,5,active
1312,HP 15-X Laptop Keyboard (6m Warranty),Laptop Keyboards,,,1500.0,2750.0,2612.5,2,1,1,5,active
1532,HP 840 G3 Laptop Keyboard New (6m Warranty),Laptop Keyboards,,,1700.0,2040.0,1938.0,0,1,1,5,active
1259,HP DV6-6000 Laptop Keyboard (6m Warranty),Laptop Keyboards,,,1650.0,3000.0,2850.0,1,1,1,5,active
1308,HP G6-1000 Laptop Keyboard (6m Warranty),Laptop Keyboards,,,1500.0,2750.0,2612.5,1,1,1,5,active
1319,Lenovo Ideapad 100-15IBY Laptop Keyboard (6m Warranty),Laptop Keyboards,,,1500.0,2750.0,2612.5,1,1,1,5,active
1320,Lenovo Ideapad 320-15ISK Laptop Keyboard (6m Warranty),Laptop Keyboards,,,1500.0,2750.0,2612.5,1,1,1,5,active
1318,Lenovo Ideapad G50 Laptop Keyboard (6m Warranty),Laptop Keyboards,,,1500.0,2750.0,2612.5,1,1,1,5,active
1317,Lenovo Ideapad G500 Laptop Keyboard (6m Warranty),Laptop Keyboards,,,1500.0,2750.0,2612.5,1,1,1,5,active
1321,Lenovo Thinkpad E531 Laptop Keyboard (6m Warranty),Laptop Keyboards,,,3000.0,4000.0,3800.0,1,1,1,5,active
1330,Toshiba Satellite C50 Laptop Keyboard (6m Warranty),Laptop Keyboards,,,1500.0,2750.0,2612.5,1,1,1,5,active
1329,Toshiba Satellite C660 Laptop Keyboard (6m Warranty),Laptop Keyboards,,,1500.0,2750.0,2612.5,1,1,1,5,active
1331,Toshiba Satellite C850 Laptop Keyboard (6m Warranty),Laptop Keyboards,,,1500.0,2750.0,2612.5,1,1,1,5,active
1593,12v Power Adapter (3m Warranty),Laptop Power Adapters,,,1000.0,1500.0,1425.0,3,1,1,5,active
1382,5v 2a (5.5*2.5mm) Power Aadapter (3m Warranty),Laptop Power Adapters,,,800.0,1500.0,1425.0,1,1,1,5,active
1303,Acer 65W 19.5V 3.42A Small Pin Laptop Power Adapter New (6m Warranty),Laptop Power Adapters,,,1550.0,2500.0,2375.0,1,1,1,5,active
1302,Acer 65W 19.5V 3.42A Yellow Pin Laptop Power Adapter New (6m Warranty),Laptop Power Adapters,,,1500.0,2500.0,2375.0,1,1,1,5,active
1358,Asus 65W 19.5V 3.34A Small Pin Laptop Power Adapter New (6m Warranty),Laptop Power Adapters,,,1450.0,2500.0,2375.0,1,1,1,5,active
1301,Asus 65W 19.5V 3.34A Small Pin Laptop Power Brick New (6m Warranty),Laptop Power Adapters,,,2350.0,3500.0,3325.0,1,1,1,5,active
1488,Asus 65W 2.5*0.7mm Charger New (6m Warranty),Laptop Power Adapters,,,1500.0,2450.0,2327.5,1,1,1,5,active
1433,Dell 45W 19.5V 3.34A Small Pin Laptop Power Adapter New (6m Warranty),Laptop Power Adapters,,,1500.0,1800.0,1710.0,0,1,1,5,active
1298,Dell 65W 19.5V 3.34A Big Pin Laptop Power Adapter New (6m Warranty),Laptop Power Adapters,,,1502.08,2500.0,2375.0,5,1,1,5,active
1299,Dell 65W 19.5V 3.34A Small Pin Laptop Power Adapter New (6m Warranty),Laptop Power Adapters,,,1500.0,2500.0,2375.0,2,1,1,5,active
1300,Dell 90W 19.5V 4.62A Big Pin Laptop Power Adapter New (6m Warranty),Laptop Power Adapters,,,1700.0,2040.0,1938.0,0,1,1,5,active
1460,Dell 90W 19.5V 4.62A Small Pin Laptop Power Adapter New (6m Warranty),Laptop Power Adapters,,,1650.0,1980.0,1881.0,2,1,1,5,active
1307,Dell Type C Laptop Power Adapter New (6m Warranty),Laptop Power Adapters,,,2500.0,3900.0,3705.0,3,1,1,5,active
1293,HP 45W 19.5V 2.37A Blue Pin Laptop Power Adapter New (6m Warranty),Laptop Power Adapters,,,1500.0,2500.0,2375.0,1,1,1,5,active
1297,HP 65W 19.5V 3.34A Big Pin Laptop Power Adapter New (6m Warranty),Laptop Power Adapters,,,1500.0,2500.0,2375.0,1,1,1,5,active
1294,HP 65W 19.5V 3.34A Blue Pin Laptop Power Adapter New (6m Warranty),Laptop Power Adapters,,,1500.0,2500.0,2375.0,3,1,1,5,active
1296,HP 90W 19.5V 4.62A Big Pin Laptop Power Adapter New (6m Warranty),Laptop Power Adapters,,,1700.0,2800.0,2660.0,1,1,1,5,active
1295,HP 90W 19.5V 4.62A Blue Pin Laptop Power Adapter New (6m Warranty),Laptop Power Adapters,,,1650.0,2800.0,2660.0,1,1,1,5,active
1306,HP Type C Laptop Power Adapter New (6m Warranty),Laptop Power Adapters,,,2150.0,3600.0,3420.0,1,1,1,5,active
1380,LG 90W Laptop Charger (6m Warranty),Laptop Power Adapters,,,1650.0,2750.0,2612.5,1,1,1,5,active
1290,Lenovo 45W Small Pin Laptop Power Brick New (6m Warranty),Laptop Power Adapters,,,2300.0,2760.0,2622.0,0,1,1,5,active
1292,Lenovo 65W 20V 3.25A Big Pin Laptop Power Adapter New (6m Warranty),Laptop Power Adapters,,,1500.0,2500.0,2375.0,1,1,1,5,active
1291,Lenovo 65W 20V 3.25A Brown Pin Laptop Power Adapter New (6m Warranty),Laptop Power Adapters,,,1500.0,2500.0,2375.0,1,1,1,5,active
1289,Lenovo 65W 20V 3.25A USB Pin Laptop Power Adapter New (6m Warranty),Laptop Power Adapters,,,1500.0,2500.0,2375.0,1,1,1,5,active
1305,Lenovo Type C Laptop Power Adapter New (6m Warranty),Laptop Power Adapters,,,2500.0,3900.0,3705.0,3,1,1,5,active
1381,Sony 90W Laptop Charger (6m Warranty),Laptop Power Adapters,,,1650.0,2750.0,2612.5,1,1,1,5,active
1304,Toshiba 65W 19.5V 3.42 Laptop Power Adapter New (6m Warranty),Laptop Power Adapters,,,1500.0,1800.0,1710.0,0,1,1,5,active
1363,14 Inch 30 pin FHD IPS Lap Screen With Bracket (6m Warranty),Laptop Screens,,,11200.0,13500.0,12825.0,1,1,1,5,active
1356,14 Inch 30 pin Slim FHD Lap Screen With Bracket (6m Warranty),Laptop Screens,,,9250.0,12250.0,11637.5,1,1,1,5,active
1357,14 Inch 40 pin Normal refurbished Lap Screen (6m Warranty),Laptop Screens,,,6287.5,7900.0,7505.0,2,1,1,5,active
1461,14 Inch 40 pin Slim refurbished Lap Screen (6m Warranty),Laptop Screens,,,6750.0,8500.0,8075.0,2,1,1,5,active
1403,14 inch 30pin FHD IPS Box Square Display New (6m Warranty),Laptop Screens,,,15000.0,18000.0,17100.0,0,1,1,5,active
1354,15.6 Inch 30 pin Narrow FHD Lap Screen Without Bracket (6m Warranty),Laptop Screens,,,9550.0,12500.0,11875.0,1,1,1,5,active
1353,15.6 Inch 30 pin Slim FHD IPS Lap Screen Without Bracket (6m Warranty),Laptop Screens,,,9800.0,12500.0,11875.0,2,1,1,5,active
1355,15.6 Inch 30 pin Slim Normal Size FHD IPS Lap Screen (6m Warranty),Laptop Screens,,,10500.0,12750.0,12112.5,1,1,1,5,active
1352,15.6 Inch 40 Pin Normal Refusbished Lap Screen (6m Warranty),Laptop Screens,,,7500.0,9500.0,9025.0,3,1,1,5,active
1550,15.6 Inch 40 Pin Normal Refusbished Lap Screen slim (6m Warranty),Laptop Screens,,,8400.0,10500.0,9975.0,1,1,1,5,active
1515,Dell Inspion 1420 core 2 duo 1GB RAM 320GB HDD Laptop (1m Warranty),Laptops,,,4000.0,9500.0,9025.0,1,1,1,5,active
1454,Dell Inspiron 1545 Intel Pentium 3GB Ram 160GB HDD Laptop,Laptops,,,6000.0,7200.0,6840.0,0,1,1,5,active
1463,Delll Latitude 5490 i5 7th gen 8GB RAM 256GB SSD Used Laptop (3m Warranty),Laptops,,,50000.0,60000.0,57000.0,0,1,1,5,active
1372,"HP 13.3"" Elitebook 735 G5 Ryzen 3 Pro 8GB Ram Laptop (3m Warranty)",Laptops,,,55000.0,72000.0,68400.0,1,1,1,5,active
1373,"HP 13.3"" Elitebook 735 G6 Ryzen 5 8GB Ram Laptop (3m Warranty)",Laptops,,,65000.0,78000.0,74100.0,0,1,1,5,active
1445,HP Elitebook 835 G7 i5 10th Gen 16/512 Used (3m Warranty),Laptops,,,95000.0,110000.0,104500.0,1,1,1,5,active
1583,HP Elitebook 8470P i5 2nd Gen 8 GB/ 500 HDD (3 months warranty),Laptops,,,13000.0,15600.0,14820.0,0,1,1,5,active
1556,HP MINI Intel Atom 2/160GB Laptop Used (2W Warranty),Laptops,,,9000.0,10800.0,10260.0,0,1,1,5,active
1417,HP Probook 440 G7 I5 8th Gen 8GB RAM 256GB NVMe SSD Used (3m Warranty),Laptops,,,66500.0,79800.0,75810.0,1,1,1,5,active
1416,HP Probook 640 G5 I5 8th Gen 8GB RAM 256GB NVMe SSD Used (3m Warranty),Laptops,,,66500.0,79800.0,75810.0,0,1,1,5,active
1255,Lenovo IdeaPad Slim 1 Ryzen 5 7250U 8GB Ram 512GB NVMe Used (3m Warranty),Laptops,,,100000.0,120000.0,114000.0,0,1,1,5,active
1411,Lenovo Thinkpad X1 Carbon i5 8th Gen 8GB RAM 256GB NVME Laptop Used (3m Warranty),Laptops,,,66500.0,79800.0,75810.0,0,1,1,5,active
1053,Kingston A400 120GB M.2 NGFF SSD New (3Y Warranty),M.2 NGFF NEW,,,3500.0,5900.0,5605.0,2,1,1,5,active
1054,Kingston A400 240GB M.2 NGFF SSD New (3Y Warranty),M.2 NGFF NEW,,,5250.0,8900.0,8455.0,1,1,1,5,active
1055,Kingston NV1 / A2000 250GB NVMe SSD New (3Y Warranty),M.2 NVMe NEW,,,6500.0,7800.0,7410.0,0,1,1,5,active
1057,MEMOBOSS 128GB NVMe 3.0 SSD New (3Y Warranty),M.2 NVMe NEW,,,3750.0,4500.0,4275.0,0,1,1,5,active
1056,Kingston NV1 / A2000 500GB NVMe SSD New (3Y Warranty),M.2 NVMe NEW,,,10000.0,12000.0,11400.0,0,1,1,5,active
1129,Branded 128GB M.2 SATA SSD Used (3m Warranty),M.2 USED,,,3958.33,5250.0,4987.5,4,1,1,5,active
1130,Branded 256GB M.2 SATA SSD Used (3m Warranty),M.2 USED,,,8500.0,10200.0,9690.0,0,1,1,5,active
1551,MSATA 128GB SSD Used (3m Warranty),M.2 USED,,,2000.0,3500.0,3325.0,1,1,1,5,active
1553,MSATA 32GB SSD Used (1m Warranty),M.2 USED,,,0.0,500.0,475.0,1,1,1,5,active
1410,DELL OPTIPLEX 3040 6th gen Mini PC Barebone (3m Warranty),MINI PC,,,9000.0,10800.0,10260.0,0,1,1,5,active
1369,HP Prodesk 400 G5 SFF 8th Gen Barebone Used (3m Warranty),MINI PC,,,15000.0,19000.0,18050.0,1,1,1,5,active
1379,Lenovo Ideacentre 510S 9th Gen Barebone Used (3m Warranty),MINI PC,,,15000.0,19500.0,18525.0,1,1,1,5,active
1538,17 inch LCD BOX Monitor Used (3m Warranty),Monitors,,,3500.0,4900.0,4655.0,1,1,1,5,active
1421,19 INCH BOX LCD Monitor Used (3m Warranty),Monitors,,,3875.0,6500.0,6175.0,1,1,1,5,active
1256,19 inch BOX LED Monitor Used (3m Warranty),Monitors,,,6100.0,7320.0,6954.0,0,1,1,5,active
1456,AOC 14 inch Monitor Used (1m Warranty),Monitors,,,1000.0,2500.0,2375.0,1,1,1,5,active
1230,ATEC Korean 19 inch BOX monitor with Adapter Used (3m Warranty),Monitors,,,5700.0,6840.0,6498.0,0,1,1,5,active
1484,Asus 22 inch LCD Monitor Used (3m Warranty),Monitors,,,6100.0,7320.0,6954.0,0,1,1,5,active
1534,Branded 19 inch LCD WIDE Monitor A-Grade (3m Warranty),Monitors,,,5500.0,6900.0,6555.0,2,1,1,5,active
1533,Branded 19 inch LCD WIDE Monitor B-Grade (3m Warranty),Monitors,,,4000.0,6000.0,5700.0,2,1,1,5,active
1536,Branded 19 inch LED WIDE Monitor A-Grade (3m Warranty),Monitors,,,4500.0,5400.0,5130.0,0,1,1,5,active
1535,Branded 19 inch LED WIDE Monitor B-Grade (3m Warranty),Monitors,,,3900.0,6500.0,6175.0,1,1,1,5,active
1596,Branded 19 inch WIDE B-C-Grade Monitor (2w Warranty),Monitors,,,0.0,0.0,0.0,0,1,1,5,active
1521,Branded 20 INCH LCD WIDE Monitor A Grade Used (3m Warranty),Monitors,,,4000.0,6900.0,6555.0,1,1,1,5,active
1522,Branded 20 INCH LCD WIDE Monitor B Grade Used (3m Warranty),Monitors,,,3750.0,5900.0,5605.0,1,1,1,5,active
1537,Branded 20 INCH LED WIDE Monitor A Grade Used (3m Warranty),Monitors,,,4500.0,5400.0,5130.0,0,1,1,5,active
1544,Branded 20 inch LED WIDE Monitor B-Grade (3m Warranty),Monitors,,,5000.0,6900.0,6555.0,1,1,1,5,active
1444,DELL 24 Inch LCD Monitor with HDMI Used (3m Warranty),Monitors,,,7750.0,9300.0,8835.0,0,1,1,5,active
1449,Dell 23 inch IPS Monitor Used (3m Warranty),Monitors,,,8500.0,10200.0,9690.0,0,1,1,5,active
1162,Dell 24 inch IPS Monitor Used (3m Warranty),Monitors,,,9300.0,12500.0,11875.0,5,1,1,5,active
1163,Dell/HP 22 inch DP LED Monitor Used (3m Warranty),Monitors,,,7600.0,9500.0,9025.0,1,1,1,5,active
1516,HP 20 INCH B GRADE Monitor (1m Warranty),Monitors,,,2000.0,3500.0,3325.0,1,1,1,5,active
1546,HP 22 Inch Slim IPS Frameless Monitor Used (3m Warranty),Monitors,,,13000.0,16500.0,15675.0,1,1,1,5,active
1165,HP 22 inch Frameless IPS Monitor Used (3m Warranty),Monitors,,,13000.0,16500.0,15675.0,3,1,1,5,active
1443,HP 22 inch LCD Monitor Used (3m Warranty),Monitors,,,6600.0,7920.0,7524.0,0,1,1,5,active
1164,HP 23 inch LED DP Monitor Used (3m Warranty),Monitors,,,7500.0,9000.0,8550.0,0,1,1,5,active
1168,HP 24 inch Frameless IPS Monitor Used (3m Warranty),Monitors,,,17000.0,20400.0,19380.0,0,1,1,5,active
1231,HP 24 inch IPS HDMI Monitor Used (3m Warranty),Monitors,,,10833.33,13000.0,12350.0,0,1,1,5,active
1166,HP Z22 IPS 22 inch Frameless Gaming Monitor Used (3m Warranty),Monitors,,,13000.0,16900.0,16055.0,1,1,1,5,active
1474,HP Z23 Frameless IPS FHD Monitor Used (3m Warranty),Monitors,,,14500.0,17400.0,16530.0,0,1,1,5,active
1485,HP Z23 Frameless IPS Monitor Used- B Grade (3m Warranty),Monitors,,,12250.0,16500.0,15675.0,1,1,1,5,active
1434,LG 15 inch Monitor Used (1m Warranty),Monitors,,,1700.0,2040.0,1938.0,0,1,1,5,active
1598,LUCOMS KOREAN 22 Inch LED Monitor Used (3m Warranty),Monitors,,,4500.0,7500.0,7125.0,2,1,1,5,active
1543,Lenovo 20 Inch HD+ LED Monitor Used (3m Warranty),Monitors,,,6000.0,7900.0,7505.0,5,1,1,5,active
1252,Lenovo 22 inch LED Monitor Used (3m Warranty),Monitors,,,7800.0,9360.0,8892.0,0,1,1,5,active
1167,Lenovo 24 inch IPS Framless Monitor Used (3m Warranty),Monitors,,,11115.85,21000.0,19950.0,29,1,1,5,active
1253,Philips 17 icnh LED Monitor Used (3m Warranty),Monitors,,,3500.0,4200.0,3990.0,0,1,1,5,active
1552,Philips 24 Inch Frameless B Grade Monitor Used (3m Warranty),Monitors,,,13000.0,14000.0,13300.0,1,1,1,5,active
1545,Philips 24 inch IPS Frameless Monitor Used (3m Warranty),Monitors,,,16000.0,16500.0,15675.0,2,1,1,5,active
1508,Samsung LCD 17 INCH C Grade Monitor (1m Warranty),Monitors,,,2000.0,3250.0,3087.5,1,1,1,5,active
1384,Singer 14 inch Wide Monitor Used (1m Warranty),Monitors,,,2600.0,3120.0,2964.0,0,1,1,5,active
1486,Thinkvison 24 inch LED Monitor Used (3m Warranty),Monitors,,,9200.0,11040.0,10488.0,0,1,1,5,active
1547,Thinkvison E1922s Wide LED HD Monitor New (1/2Y Wrranty),Monitors,,,8500.0,15500.0,14725.0,4,1,1,5,active
1174,Asus B150m plus Motherboard Used (3m Warranty),Motherboard,,,9000.0,10800.0,10260.0,0,1,1,5,active
1186,Asus B75 Gaming Motherboard Used (3m Warranty),Motherboard,,,3600.0,5500.0,5225.0,1,1,1,5,active
1181,Asus Prime B350 Plus AM4 Motherboard Used (3m Warranty),Motherboard,,,17500.0,22500.0,21375.0,1,1,1,5,active
1466,AORUS B450 PRO WIFI Motherboard Used (3m Warranty),Motherboard,,,17500.0,21000.0,19950.0,0,1,1,5,active
1178,AORUS B460M ELITE Motherboard Used (3m Warranty),Motherboard,,,19000.0,22800.0,21660.0,0,1,1,5,active
1428,Asrock B150 6th Gen Motherboard Used (3m Warranty),Motherboard,,,9000.0,11500.0,10925.0,1,1,1,5,active
1539,Asrock B85 PRO ATX Gaming Motherboard Used (3m Warranty),Motherboard,,,7500.0,9000.0,8550.0,2,1,1,5,active
1562,Asrock G31 motherboard,Motherboard,,,0.0,0.0,0.0,0,1,1,5,active
1541,Asrock H87 ATX Gaming Motherboard Used (3m Warranty),Motherboard,,,6900.0,8900.0,8455.0,1,1,1,5,active
1179,Asus B360 2-Ram Slot Motherboard Used (3m Warranty),Motherboard,,,8250.0,10500.0,9975.0,1,1,1,5,active
1184,Asus B460 Plus Motherboard Used (3m Warranty),Motherboard,,,17000.0,20400.0,19380.0,0,1,1,5,active
1401,Asus H110 M.2 Motherboard Used (3m Warranty),Motherboard,,,8000.0,9600.0,9120.0,0,1,1,5,active
1173,Asus H110 Motherboard Used (3m Warranty),Motherboard,,,6900.0,8280.0,7866.0,0,1,1,5,active
1176,Asus H310 8th & 9th Gen M.2 Motherboard Used (3m Warranty),Motherboard,,,9000.0,11500.0,10925.0,1,1,1,5,active
1540,Asus H87 ATX Gaming Motherboard Used (3m Warranty),Motherboard,,,6900.0,8280.0,7866.0,0,1,1,5,active
1558,Asus H97 4th Gen ATX M.2 Support Gaming Motherboard Used (3m Warranty),Motherboard,,,7250.0,9500.0,9025.0,3,1,1,5,active
1185,Asus Prime Z370 A Motherboard Used (3m Warranty),Motherboard,,,18000.0,21500.0,20425.0,1,1,1,5,active
1182,Asus Z370 P Motherboard Used (3m warranty),Motherboard,,,16000.0,19200.0,18240.0,0,1,1,5,active
1559,Asus Z97 4th Gen ATX Gaming Motherboard Used (3m Warranty),Motherboard,,,7200.0,9000.0,8550.0,1,1,1,5,active
1557,Asus Z97 4th Gen ATX M.2 Support Gaming Motherboard Used (3m Warranty),Motherboard,,,7250.0,9500.0,9025.0,1,1,1,5,active
1390,Asus/Gigabyte B85 ATX Gaming Motherboard Used (3m Warranty),Motherboard,,,6000.0,7500.0,7125.0,1,1,1,5,active
1170,Asus/Gigabyte H61 Motherboard (3m Warranty),Motherboard,,,3562.5,4900.0,4655.0,6,1,1,5,active
1171,Asus/Gigabyte h81 motherboard Used (3m Warranty),Motherboard,,,4637.5,5900.0,5605.0,4,1,1,5,active
1526,BIOSTAR H61 2nd & 3rd Gen Motherboard Used (3m Warranty),Motherboard,,,2750.0,3300.0,3135.0,0,1,1,5,active
1429,ECS H110 M.2 Motherboard Used (3m Warranty),Motherboard,,,7200.0,9500.0,9025.0,1,1,1,5,active
1450,Gigabyte B150 M.2 Motherboard Used (3m Warranty),Motherboard,,,8000.0,9600.0,9120.0,0,1,1,5,active
1180,Gigabyte H310 Motherboard Used (3m Warranty),Motherboard,,,7500.0,10500.0,9975.0,1,1,1,5,active
1169,Gigabyte H61 Motherboard (3m Warranty),Motherboard,,,3125.0,3750.0,3562.5,0,1,1,5,active
1560,Gigabyte H97 4th Gen ATX M.2 Support Gaming Motherboard Used (3m Warranty),Motherboard,,,7250.0,8700.0,8265.0,0,1,1,5,active
1561,Gigabyte H97M Gaming Motherboard Used (3m Warranty),Motherboard,,,7200.0,8640.0,8208.0,0,1,1,5,active
1183,Gigabyte Z390 D Motherboard Used (3m Warranty),Motherboard,,,17500.0,21000.0,19950.0,1,1,1,5,active
1172,Gigabyte h81 motherboard Used (3m Warranty),Motherboard,,,4633.33,5560.0,5282.0,0,1,1,5,active
1218,Gigabyte/Asus B85m Gaming Motherboard (3m Warranty),Motherboard,,,5333.33,6900.0,6555.0,2,1,1,5,active
1600,H81 Motherboard used 1 ram slot (3m Warranty),Motherboard,,,2000.0,5000.0,4750.0,1,1,1,5,active
1232,Intel B75 Gaming Motherboard Used (3m Warranty),Motherboard,,,4750.0,6000.0,5700.0,1,1,1,5,active
1175,Korean B250 6th & 7th Gen Motherboard New (1Y Warranty),Motherboard,,,8500.0,12500.0,11875.0,2,1,1,5,active
1511,LG 1ST GEN Motherboard Used (3m Warranty),Motherboard,,,2150.0,2580.0,2451.0,0,1,1,5,active
1254,Pegatron H61 Motherboard Used (3m Warranty),Motherboard,,,3750.0,4500.0,4275.0,0,1,1,5,active
1438,Pegatron H81 Motherboard Used (3m Warranty),Motherboard,,,5000.0,6000.0,5700.0,0,1,1,5,active
1177,SOYO H510 10th & 11th Gen Motherboard Used (3m Warranty),Motherboard,,,9500.0,14500.0,13775.0,1,1,1,5,active
1234,Samsung B75 2nd & 3rd Gen Motherboard Used (3m Warranty),Motherboard,,,4000.0,4800.0,4560.0,0,1,1,5,active
1578,Samsung H61 Motherboard (3 months warranty),Motherboard,,,3000.0,4900.0,4655.0,1,1,1,5,active
1124,Branded 128GB NVMe SSD Used (3m Warranty),NVME USED,,,4900.0,5900.0,5605.0,1,1,1,5,active
1437,Branded 256GB 2230 NVMe SSD (3m Warranty),NVME USED,,,5700.0,7900.0,7505.0,1,1,1,5,active
1126,Branded 256GB NVMe SSD Used (3m Warranty),NVME USED,,,8017.37,7900.0,7505.0,1,1,1,5,active
1128,Branded 512GB NVMe SSD Used (3m Warranty),NVME USED,,,8000.0,9600.0,9120.0,0,1,1,5,active
1123,Samsung 128GB NVMe SSD Used (3m Warranty),NVME USED,,,3700.0,4440.0,4218.0,0,1,1,5,active
1125,Samsung 256GB NVMe SSD Used (3m Warranty),NVME USED,,,4900.0,5880.0,5586.0,0,1,1,5,active
1127,WD 512GB NVMe SSD Gen 4 Used (3m Warranty),NVME USED,,,8000.0,9600.0,9120.0,0,1,1,5,active
1585,4 Sockets extension cord with USB (6m warranty),Other,,,2200.0,3250.0,3087.5,3,1,1,5,active
1495,Android TV BOX New (3m Warranty),Other,,,3100.0,4900.0,4655.0,3,1,1,5,active
1408,Fully Adjustable Wall Mount Bracket X200,Other,,,1600.0,1920.0,1824.0,0,1,1,5,active
1077,Laptop Keyboard Protector,Other,,,80.0,250.0,237.5,5,1,1,5,active
1074,Normal Black Mouse pad,Other,,,100.0,250.0,237.5,7,1,1,5,active
1247,Power Supply Tester Analog (3m Warranty),Other,,,900.0,1500.0,1425.0,1,1,1,5,active
1075,Printed Mouse Pad,Other,,,175.0,350.0,332.5,2,1,1,5,active
1076,Razer Full Mouse Pad,Other,,,500.0,1000.0,950.0,5,1,1,5,active
1594,TOBO Multiplug Adapter New (3m Warranty),Other,,,650.0,1250.0,1187.5,6,1,1,5,active
1409,Tilt Adjustable Mounting Bracket F01,Other,,,650.0,780.0,741.0,0,1,1,5,active
1093,Universal Form Cleaner 650ML,Other,,,400.0,800.0,760.0,7,1,1,5,active
1101,Wall Mounting Bracket 10-26 Inch,Other,,,250.0,550.0,522.5,10,1,1,5,active
1102,Wall Mounting Bracket 14-47 Inch,Other,,,350.0,750.0,712.5,3,1,1,5,active
1103,Wall Mounting Bracket 26-55 Inch,Other,,,750.0,1500.0,1425.0,8,1,1,5,active
1104,Wall Mounting Bracket 40-80 inch,Other,,,1000.0,2000.0,1900.0,9,1,1,5,active
1472,12V Outdoor Waterproof Power Supply for CCTV Camera New (2Y Warranty),POWERSUPPLY,,,475.0,1000.0,950.0,3,1,1,5,active
1239,12V UPS For Router/Camera New (6m Warranty),POWERSUPPLY,,,1700.0,2040.0,1938.0,0,1,1,5,active
1194,400W 80 Plus Power Supply Used (3m Warranty),POWERSUPPLY,,,1750.0,2750.0,2612.5,5,1,1,5,active
1193,400w Gaming power supply 6 pin (3m waranty),POWERSUPPLY,,,1650.0,1980.0,1881.0,0,1,1,5,active
1395,450W 6/8pin GAMING Power Supply Used (3m Warranty),POWERSUPPLY,,,1805.56,3000.0,2850.0,3,1,1,5,active
1407,500W 80 Plus Power Supply Used (3m Warranty),POWERSUPPLY,,,3000.0,4250.0,4037.5,1,1,1,5,active
1195,500w gaming power supply 6pin (3m waranty),POWERSUPPLY,,,2226.0,3500.0,3325.0,4,1,1,5,active
1196,500w gaming power supply 8pin (3m waranty),POWERSUPPLY,,,2700.0,3750.0,3562.5,1,1,1,5,active
1405,600w gaming power supply 8pin (3m waranty),POWERSUPPLY,,,3224.57,4250.0,4037.5,7,1,1,5,active
1396,650W 80+ GAMING POWER SUPPLY USED (3m Warranty),POWERSUPPLY,,,3600.0,4320.0,4104.0,0,1,1,5,active
1469,650W Gaming Modular Power Supply Used (3m Warranty),POWERSUPPLY,,,3000.0,3600.0,3420.0,0,1,1,5,active
1406,700w gaming power supply 8pin (3m waranty),POWERSUPPLY,,,2750.0,4900.0,4655.0,1,1,1,5,active
1197,Normal Power Supply Used (3m Warranty),POWERSUPPLY,,,1346.88,2000.0,1900.0,7,1,1,5,active
1045,Kingston 16GB CANVAS Select Plus SD CARD (1Y Warranty),Pendrives & SD Cards,,,600.0,1250.0,1187.5,2,1,1,5,active
1046,Kingston 32GB CANVAS Select Plus SD CARD (1Y Warranty),Pendrives & SD Cards,,,1250.0,2500.0,2375.0,2,1,1,5,active
1047,Kingston 64GB CANVAS Select Plus SD CARD (1Y Warranty),Pendrives & SD Cards,,,2200.0,2640.0,2508.0,0,1,1,5,active
1044,Kingston 8GB CANVAS Select Plus SD CARD (1Y Warranty),Pendrives & SD Cards,,,450.0,750.0,712.5,2,1,1,5,active
1041,Sandisk Cruzer Blade 16GB USB 2.0 Pendrive (1Y Warranty),Pendrives & SD Cards,,,600.0,1250.0,1187.5,4,1,1,5,active
1042,Sandisk Ultra Fair 32GB USB 3.0 Pendrive (1Y Warranty),Pendrives & SD Cards,,,850.0,1020.0,969.0,0,1,1,5,active
1043,Sandisk Ultra Fair 64GB USB 3.0 Pendrive (1Y Warranty),Pendrives & SD Cards,,,1250.0,1500.0,1425.0,0,1,1,5,active
1501,High Speed 128GB SD Card Taiwan C10 (3m Warranty),Pendrives & SD Cards,,,3000.0,5500.0,5225.0,1,1,1,5,active
1473,High Speed 64GB SD Card Taiwan C10 (3m Warranty),Pendrives & SD Cards,,,2300.0,3400.0,3230.0,1,1,1,5,active
1499,IMATION 64GB USB 2.0 Pendrive (6m Warranty),Pendrives & SD Cards,,,1750.0,2900.0,2755.0,2,1,1,5,active
1506,KODAK 64GB Micro SD Card New (6m Warranty),Pendrives & SD Cards,,,2500.0,3000.0,2850.0,0,1,1,5,active
1507,Kingston 128GB Class 10 Micro SD Card New (6m Warranty),Pendrives & SD Cards,,,4300.0,5500.0,5225.0,4,1,1,5,active
1498,Kingston DataTraveler 32GB USB 3.0 Pendrive (6m Warranty),Pendrives & SD Cards,,,1450.0,2600.0,2470.0,1,1,1,5,active
1504,Kingston DataTraveler Exodia 64GB USB 3.0 Pen Drive (6m Warranty),Pendrives & SD Cards,,,2000.0,3250.0,3087.5,4,1,1,5,active
1436,Micro SD Card 128GB Class-10 (3m Warranty),Pendrives & SD Cards,,,1600.0,2500.0,2375.0,4,1,1,5,active
1435,Micro SD Card 64GB Class-10 (3m Warranty),Pendrives & SD Cards,,,900.0,1750.0,1662.5,2,1,1,5,active
1482,Sandisk 32GB A1 SD Card New (6m Warranty),Pendrives & SD Cards,,,1500.0,1800.0,1710.0,0,1,1,5,active
1525,Sandisk Ultra 64GB Micro SD Card C10 New (5Y Warranty),Pendrives & SD Cards,,,2550.0,3900.0,3705.0,6,1,1,5,active
1497,Sandisk Ultra Dual Drive 32GB USB 3.0 Pen Drive (6m Warranty),Pendrives & SD Cards,,,1750.0,2900.0,2755.0,2,1,1,5,active
1505,Sandisk Ultra Luxe 128GB USB 3.0 Pendrive New (6m Warranty),Pendrives & SD Cards,,,2900.0,4500.0,4275.0,2,1,1,5,active
1519,9V ZN-MN Battery,PowerBanks & Batteries,,,85.0,150.0,142.5,10,1,1,5,active
1517,AKKO START AA BATTERY (Single),PowerBanks & Batteries,,,24.0,50.0,47.5,71,1,1,5,active
1518,AKKO START AAA BATTERY (Single),PowerBanks & Batteries,,,19.0,40.0,38.0,26,1,1,5,active
1251,JC 12V 7A (650VA) UPS Battery (6m Warranty),PowerBanks & Batteries,,,3500.0,4500.0,4275.0,2,1,1,5,active
1100,PORCH 12V 7A (650VA) UPS Battery (6m Warranty),PowerBanks & Batteries,,,3500.0,4200.0,3990.0,0,1,1,5,active
1094,Prolink 650VA UPS New (1Y Warranty),PowerBanks & Batteries,,,9700.0,11640.0,11058.0,0,1,1,5,active
1034,Remax RPP-10 10000mAh Powerbank New (6m Warranty),PowerBanks & Batteries,,,1500.0,2500.0,2375.0,2,1,1,5,active
1035,Remax RPP-71 10000mAh 22.5W Fast Charge Powerbank (6m Warranty),PowerBanks & Batteries,,,2250.0,2700.0,2565.0,0,1,1,5,active
1036,Remax RPP-72 20000mAh 22.5W Fast Charge Powerbank (6m Warranty),PowerBanks & Batteries,,,3200.0,5500.0,5225.0,3,1,1,5,active
1225,Sony 3V CMOS Battery 1 Piece,PowerBanks & Batteries,,,36.0,100.0,95.0,34,1,1,5,active
1233,UPS USED 650VA (3m Warranty),PowerBanks & Batteries,,,1840.0,2208.0,2097.6,0,1,1,5,active
1503,Xprinter 80T Thermal Reciept Printer (6m Warranty),Printers,,,9500.0,11400.0,10830.0,0,1,1,5,active
1451,5 Port Ethernet Switch (3m Warranty),ROUTERS,,,1150.0,1380.0,1311.0,0,1,1,5,active
1452,8 Port Ethernet Switch (3m Warranty),ROUTERS,,,1450.0,2500.0,2375.0,1,1,1,5,active
1359,LB Link 4G LTE Unlocked Router BL-CPE30H (6m Warranty),ROUTERS,,,7000.0,8400.0,7980.0,0,1,1,5,active
1404,LB Link AX300 4G WIFI 6 Router New (6m Warranty),ROUTERS,,,7400.0,8880.0,8436.0,0,1,1,5,active
1588,Plery 4G MiFi Mobile Wifi-6 300Mbps Router New (6m Warranty),ROUTERS,,,6800.0,8500.0,8075.0,2,1,1,5,active
1589,Plery RE300 dual band WIFI Repeater 300Mbps New (,ROUTERS,,,3500.0,4500.0,4275.0,1,1,1,5,active
1260,60GB SSD MIXBRAND (3M WARRANTY),SSD USED,,,0.0,0.0,0.0,0,1,1,5,active
1465,Games,Softwares & Services,,,0.0,500.0,475.0,9995,1,1,5,active
1200,MS Ofiice Package,Softwares & Services,,,0.0,100.0,95.0,0,1,1,5,inactive
1362,Repair,Softwares & Services,,,0.0,0.0,0.0,0,1,1,5,inactive
1201,Service Charge,Softwares & Services,,,0.5,1500.0,1425.0,0,1,1,5,inactive
1202,Softwares,Softwares & Services,,,0.0,100.0,95.0,992,1,1,5,active
1199,Windows 10/11 Installation,Softwares & Services,,,0.0,1000.0,950.0,0,1,1,5,inactive
1261,Kaspersky Standard 1 Device 1 Year Subscription,Virus Guards,,,1750.0,2100.0,1995.0,0,1,1,5,active
1262,Kaspersky Standard 3 Device 1 Year Subscription,Virus Guards,,,4000.0,5200.0,4940.0,1,1,1,5,active
